channel,mean_diff_magnitude,max_diff_magnitude
0,43.37390899658203,1880.0421142578125
1,35.99418640136719,1609.6983642578125
2,44.82484436035156,1745.4158935546875
3,37.60611343383789,2186.504150390625
