{
  "section": "qwen3_conditioning",
  "model": "Qwen3ForCausalLM",
  "hidden_size": 2560,
  "layers_tested": [
    -1,
    -2,
    -3,
    -4,
    -5,
    -6
  ],
  "pooling_strategies": [
    "mean",
    "last_token",
    "max",
    "name_tokens"
  ],
  "n_celebrities": 5,
  "n_templates": 5,
  "silhouette_scores": {
    "mean": {
      "layer_-1": {
        "2d": -0.21765922009944916,
        "5d": -0.15933072566986084,
        "10d": 0.02363092452287674
      },
      "layer_-2": {
        "2d": -0.19502755999565125,
        "5d": -0.1467253565788269,
        "10d": -0.020387690514326096
      },
      "layer_-3": {
        "2d": -0.19484587013721466,
        "5d": -0.15103523433208466,
        "10d": -0.054633550345897675
      },
      "layer_-4": {
        "2d": -0.19088290631771088,
        "5d": -0.15070976316928864,
        "10d": -0.06485099345445633
      },
      "layer_-5": {
        "2d": -0.19051246345043182,
        "5d": -0.15228880941867828,
        "10d": -0.07280978560447693
      },
      "layer_-6": {
        "2d": -0.18961115181446075,
        "5d": -0.15706108510494232,
        "10d": -0.08401533961296082
      }
    },
    "last_token": {
      "layer_-1": {
        "2d": -0.20580701529979706,
        "5d": -0.18017522990703583,
        "10d": -0.10026469826698303
      },
      "layer_-2": {
        "2d": -0.208811417222023,
        "5d": -0.18046200275421143,
        "10d": -0.10240128636360168
      },
      "layer_-3": {
        "2d": -0.2099323719739914,
        "5d": -0.18349654972553253,
        "10d": -0.10594026744365692
      },
      "layer_-4": {
        "2d": -0.2126440554857254,
        "5d": -0.1849166452884674,
        "10d": -0.11684547364711761
      },
      "layer_-5": {
        "2d": -0.21378934383392334,
        "5d": -0.1850026547908783,
        "10d": -0.1187429204583168
      },
      "layer_-6": {
        "2d": -0.21326754987239838,
        "5d": -0.18476541340351105,
        "10d": -0.11971721053123474
      }
    },
    "max": {
      "layer_-1": {
        "2d": 0.299080491065979,
        "5d": 0.039544202387332916,
        "10d": 0.17596209049224854
      },
      "layer_-2": {
        "2d": -0.0409112274646759,
        "5d": -0.1011272445321083,
        "10d": 0.09597132354974747
      },
      "layer_-3": {
        "2d": -0.061392202973365784,
        "5d": -0.10478286445140839,
        "10d": 0.0955631285905838
      },
      "layer_-4": {
        "2d": -0.068359375,
        "5d": -0.11002946645021439,
        "10d": 0.08994375169277191
      },
      "layer_-5": {
        "2d": -0.06652859598398209,
        "5d": -0.10755939781665802,
        "10d": 0.09694572538137436
      },
      "layer_-6": {
        "2d": -0.09219162166118622,
        "5d": -0.11437249183654785,
        "10d": 0.11142978817224503
      }
    },
    "name_tokens": {
      "layer_-1": {
        "2d": 0.2799174189567566,
        "5d": 0.7366477847099304,
        "10d": 0.4982110559940338
      },
      "layer_-2": {
        "2d": 0.3695659637451172,
        "5d": 0.741718590259552,
        "10d": 0.5293217301368713
      },
      "layer_-3": {
        "2d": 0.33458995819091797,
        "5d": 0.7613495588302612,
        "10d": 0.5670871138572693
      },
      "layer_-4": {
        "2d": 0.39796820282936096,
        "5d": 0.7708748579025269,
        "10d": 0.5839642882347107
      },
      "layer_-5": {
        "2d": 0.5533968210220337,
        "5d": 0.7855901122093201,
        "10d": 0.606529176235199
      },
      "layer_-6": {
        "2d": 0.6160609722137451,
        "5d": 0.7918793559074402,
        "10d": 0.6182035803794861
      }
    }
  },
  "best_config": {
    "pooling": "name_tokens",
    "layer": "layer_-6",
    "dims": "5d",
    "silhouette": 0.7918793559074402
  },
  "token_similarity_summary": {
    "diagonal_mean": 0.9571927817244279,
    "off_diagonal_mean": 0.5652236414539535,
    "prompts_compared": [
      "portrait photo of Brad Pitt, studio lighting, neutral background",
      "portrait photo of Taylor Swift, studio lighting, neutral background"
    ]
  },
  "comparison_with_clip": {
    "clip_best": 0.403,
    "qwen3_best": 0.7918793559074402
  }
}